Crime ID,Month,Reported by,Falls within,Longitude,Latitude,Location,LSOA code,LSOA name,Crime type,Last outcome category,Context
,2024-04,Dyfed-Powys Police,Dyfed-Powys Police,-4.266799,51.999116,On or near Maes Derwenydd,W01000685,Carmarthenshire 001A,Anti-social behaviour,,
,2024-04,Dyfed-Powys Police,Dyfed-Powys Police,-3.796879,51.993684,On or near King'S Road,W01000679,Carmarthenshire 002D,Anti-social behaviour,,
e905d6cf8961bb58b336bb7b2ed26988df1ff1da0798ab43001793d2911d000d,2024-04,Dyfed-Powys Police,Dyfed-Powys Police,-4.469517,52.035766,On or near Penlan Terrace,W01000646,Carmarthenshire 003A,Violence and sexual offences,Unable to prosecute suspect,
,2024-04,Dyfed-Powys Police,Dyfed-Powys Police,-4.343792,51.866245,On or near Nantybwla,W01000644,Carmarthenshire 006B,Anti-social behaviour,,
,2024-04,Dyfed-Powys Police,Dyfed-Powys Police,-4.343792,51.866245,On or near Nantybwla,W01000644,Carmarthenshire 006B,Anti-social behaviour,,
,2024-04,Dyfed-Powys Police,Dyfed-Powys Police,-4.315037,51.858739,On or near Glannant Road,W01000645,Carmarthenshire 006C,Anti-social behaviour,,
,2024-04,Dyfed-Powys Police,Dyfed-Powys Police,-4.317433,51.856174,On or near Picton Court,W01000645,Carmarthenshire 006C,Anti-social behaviour,,
,2024-04,Dyfed-Powys Police,Dyfed-Powys Police,-4.294928,51.864259,On or near Llys Caermedi,W01000638,Carmarthenshire 007B,Anti-social behaviour,,
,2024-04,Dyfed-Powys Police,Dyfed-Powys Police,-4.294928,51.864259,On or near Llys Caermedi,W01000638,Carmarthenshire 007B,Anti-social behaviour,,
,2024-04,Dyfed-Powys Police,Dyfed-Powys Police,-4.298210,51.862531,On or near Park Hall,W01000638,Carmarthenshire 007B,Anti-social behaviour,,
,2024-04,Dyfed-Powys Police,Dyfed-Powys Police,-4.311352,51.861078,On or near Heol Spurrell,W01000639,Carmarthenshire 007C,Anti-social behaviour,,
,2024-04,Dyfed-Powys Police,Dyfed-Powys Police,-4.312285,51.858586,On or near Parking Area,W01000639,Carmarthenshire 007C,Anti-social behaviour,,
,2024-04,Dyfed-Powys Police,Dyfed-Powys Police,-4.306338,51.855619,On or near Bridge Street,W01000641,Carmarthenshire 008A,Anti-social behaviour,,
,2024-04,Dyfed-Powys Police,Dyfed-Powys Police,-4.301970,51.861082,On or near Richmond Terrace,W01000641,Carmarthenshire 008A,Anti-social behaviour,,
,2024-04,Dyfed-Powys Police,Dyfed-Powys Police,-4.308088,51.855755,On or near Blue Street,W01000641,Carmarthenshire 008A,Anti-social behaviour,,
,2024-04,Dyfed-Powys Police,Dyfed-Powys Police,-4.307955,51.858267,On or near John Street,W01000641,Carmarthenshire 008A,Anti-social behaviour,,
,2024-04,Dyfed-Powys Police,Dyfed-Powys Police,-4.309329,51.856459,On or near Dark Gate,W01000641,Carmarthenshire 008A,Anti-social behaviour,,
,2024-04,Dyfed-Powys Police,Dyfed-Powys Police,-4.334307,51.851119,On or near Maes Y Glyn,W01000642,Carmarthenshire 008B,Anti-social behaviour,,
6d795c2a5ded20352534ba40ad48a749b00699f4a3f950a6f4ef2a9d2927be9d,2024-04,Dyfed-Powys Police,Dyfed-Powys Police,-4.287131,51.853449,On or near Brynglas Crescent,W01000693,Carmarthenshire 008C,Violence and sexual offences,Status update unavailable,
,2024-04,Dyfed-Powys Police,Dyfed-Powys Police,-4.298937,51.847167,On or near Roman Park,W01000694,Carmarthenshire 008D,Anti-social behaviour,,
,2024-04,Dyfed-Powys Police,Dyfed-Powys Police,-3.907159,51.802263,On or near Lower Station Road,W01000656,Carmarthenshire 010A,Anti-social behaviour,,
,2024-04,Dyfed-Powys Police,Dyfed-Powys Police,-3.913180,51.803334,On or near Ceidrim Road,W01000656,Carmarthenshire 010A,Anti-social behaviour,,
,2024-04,Dyfed-Powys Police,Dyfed-Powys Police,-3.870508,51.811052,On or near Groesffordd,W01000718,Carmarthenshire 010D,Anti-social behaviour,,
,2024-04,Dyfed-Powys Police,Dyfed-Powys Police,-3.811766,51.797567,On or near Dolawel,W01000719,Carmarthenshire 010E,Anti-social behaviour,,
,2024-04,Dyfed-Powys Police,Dyfed-Powys Police,-4.010674,51.817856,On or near Maes Piode,W01000681,Carmarthenshire 011B,Anti-social behaviour,,
,2024-04,Dyfed-Powys Police,Dyfed-Powys Police,-4.006872,51.813938,On or near Caecoed,W01000681,Carmarthenshire 011B,Anti-social behaviour,,
569d72d15d89a14ddac901c08f861e140c0c4d4d8d84b99a758a87b88e5bf12d,2024-04,Dyfed-Powys Police,Dyfed-Powys Police,-4.249258,51.762545,On or near Bro-Hedydd,W01000695,Carmarthenshire 012B,Criminal damage and arson,Offender given a caution,
,2024-04,Dyfed-Powys Police,Dyfed-Powys Police,-4.229311,51.736244,On or near Maes-Y-Wern,W01000695,Carmarthenshire 012B,Anti-social behaviour,,
,2024-04,Dyfed-Powys Police,Dyfed-Powys Police,-3.996912,51.781924,On or near Heol Pantyffynnon,W01000625,Carmarthenshire 013A,Anti-social behaviour,,
,2024-04,Dyfed-Powys Police,Dyfed-Powys Police,-3.996842,51.785261,On or near Heol Llwchwr,W01000625,Carmarthenshire 013A,Anti-social behaviour,,
,2024-04,Dyfed-Powys Police,Dyfed-Powys Police,-3.996842,51.785261,On or near Heol Llwchwr,W01000625,Carmarthenshire 013A,Anti-social behaviour,,
,2024-04,Dyfed-Powys Police,Dyfed-Powys Police,-3.996842,51.785261,On or near Heol Llwchwr,W01000625,Carmarthenshire 013A,Anti-social behaviour,,
,2024-04,Dyfed-Powys Police,Dyfed-Powys Police,-3.990536,51.792203,On or near Parking Area,W01000626,Carmarthenshire 013B,Anti-social behaviour,,
,2024-04,Dyfed-Powys Police,Dyfed-Powys Police,-4.088084,51.796885,On or near Bancyffynnon,W01000697,Carmarthenshire 015A,Anti-social behaviour,,
,2024-04,Dyfed-Powys Police,Dyfed-Powys Police,-4.088084,51.796885,On or near Bancyffynnon,W01000697,Carmarthenshire 015A,Anti-social behaviour,,
,2024-04,Dyfed-Powys Police,Dyfed-Powys Police,-4.088084,51.796885,On or near Bancyffynnon,W01000697,Carmarthenshire 015A,Anti-social behaviour,,
bf78e4f00d361c13351614e48b30ab323dedec72bbe20fd860c3918d17375bd4,2024-04,Dyfed-Powys Police,Dyfed-Powys Police,-4.139436,51.798965,On or near Nant Y Dderwen,W01000663,Carmarthenshire 016B,Violence and sexual offences,Unable to prosecute suspect,
,2024-04,Dyfed-Powys Police,Dyfed-Powys Police,-4.139436,51.798965,On or near Nant Y Dderwen,W01000663,Carmarthenshire 016B,Anti-social behaviour,,
,2024-04,Dyfed-Powys Police,Dyfed-Powys Police,-4.173171,51.778158,On or near Heol Y Parc,W01000716,Carmarthenshire 016D,Anti-social behaviour,,
,2024-04,Dyfed-Powys Police,Dyfed-Powys Police,-4.055586,51.714656,On or near Sawel Terrace,W01000666,Carmarthenshire 017B,Anti-social behaviour,,
,2024-04,Dyfed-Powys Police,Dyfed-Powys Police,-4.242512,51.717360,On or near Heol Waunyclun,W01000729,Carmarthenshire 018C,Anti-social behaviour,,
,2024-04,Dyfed-Powys Police,Dyfed-Powys Police,-4.090347,51.696201,On or near Ger Y Nant,W01000690,Carmarthenshire 019A,Anti-social behaviour,,
,2024-04,Dyfed-Powys Police,Dyfed-Powys Police,-4.085345,51.690310,On or near Golwg-Yr -Afon,W01000690,Carmarthenshire 019A,Anti-social behaviour,,
,2024-04,Dyfed-Powys Police,Dyfed-Powys Police,-4.150675,51.716622,On or near Parking Area,W01001999,Carmarthenshire 019F,Anti-social behaviour,,
,2024-04,Dyfed-Powys Police,Dyfed-Powys Police,-4.129615,51.695469,On or near Clos Y Deri,W01000651,Carmarthenshire 020A,Anti-social behaviour,,
,2024-04,Dyfed-Powys Police,Dyfed-Powys Police,-4.127058,51.690003,On or near Dafen Inn Row,W01000651,Carmarthenshire 020A,Anti-social behaviour,,
,2024-04,Dyfed-Powys Police,Dyfed-Powys Police,-4.144117,51.692147,On or near Brynsiriol,W01000652,Carmarthenshire 020B,Anti-social behaviour,,
,2024-04,Dyfed-Powys Police,Dyfed-Powys Police,-4.143781,51.694851,On or near Heol Daniel,W01000655,Carmarthenshire 020C,Anti-social behaviour,,
,2024-04,Dyfed-Powys Police,Dyfed-Powys Police,-4.148709,51.696542,On or near Pant-Teg,W01000655,Carmarthenshire 020C,Anti-social behaviour,,
4a0ac785667aec68a4316d03fdb248991c45d0f4bb04d0aabed6515dbe0ca935,2024-04,Dyfed-Powys Police,Dyfed-Powys Police,-4.249819,51.687229,On or near Mansel Street,W01000632,Carmarthenshire 021A,Violence and sexual offences,Unable to prosecute suspect,
,2024-04,Dyfed-Powys Police,Dyfed-Powys Police,-4.241683,51.685667,On or near Heol Dyfatty,W01000633,Carmarthenshire 021B,Anti-social behaviour,,
,2024-04,Dyfed-Powys Police,Dyfed-Powys Police,-4.240942,51.685897,On or near Sussex Road,W01000633,Carmarthenshire 021B,Anti-social behaviour,,
,2024-04,Dyfed-Powys Police,Dyfed-Powys Police,-4.240942,51.685897,On or near Sussex Road,W01000633,Carmarthenshire 021B,Anti-social behaviour,,
,2024-04,Dyfed-Powys Police,Dyfed-Powys Police,-4.239145,51.685248,On or near Llys Mair,W01000633,Carmarthenshire 021B,Anti-social behaviour,,
,2024-04,Dyfed-Powys Police,Dyfed-Powys Police,-4.240942,51.685897,On or near Sussex Road,W01000633,Carmarthenshire 021B,Anti-social behaviour,,
,2024-04,Dyfed-Powys Police,Dyfed-Powys Police,-4.240942,51.685897,On or near Sussex Road,W01000633,Carmarthenshire 021B,Anti-social behaviour,,
,2024-04,Dyfed-Powys Police,Dyfed-Powys Police,-4.240942,51.685897,On or near Sussex Road,W01000633,Carmarthenshire 021B,Anti-social behaviour,,
,2024-04,Dyfed-Powys Police,Dyfed-Powys Police,-4.247905,51.684226,On or near Station Road,W01000633,Carmarthenshire 021B,Anti-social behaviour,,
,2024-04,Dyfed-Powys Police,Dyfed-Powys Police,-4.252435,51.681055,On or near The Harbour,W01000633,Carmarthenshire 021B,Anti-social behaviour,,
,2024-04,Dyfed-Powys Police,Dyfed-Powys Police,-4.240942,51.685897,On or near Sussex Road,W01000633,Carmarthenshire 021B,Anti-social behaviour,,
,2024-04,Dyfed-Powys Police,Dyfed-Powys Police,-4.243466,51.682827,On or near Morlan Terrace,W01000633,Carmarthenshire 021B,Anti-social behaviour,,
,2024-04,Dyfed-Powys Police,Dyfed-Powys Police,-4.240827,51.686511,On or near Pine Tree Close,W01000634,Carmarthenshire 021C,Anti-social behaviour,,
,2024-04,Dyfed-Powys Police,Dyfed-Powys Police,-4.256552,51.684735,On or near Heol Pantycelyn,W01000711,Carmarthenshire 021E,Anti-social behaviour,,
,2024-04,Dyfed-Powys Police,Dyfed-Powys Police,-4.159243,51.684370,On or near Llys Yr Hen Felin,W01000703,Carmarthenshire 022A,Anti-social behaviour,,
,2024-04,Dyfed-Powys Police,Dyfed-Powys Police,-4.161495,51.687000,On or near Mount Pleasant Buildings,W01000703,Carmarthenshire 022A,Anti-social behaviour,,
,2024-04,Dyfed-Powys Police,Dyfed-Powys Police,-4.157649,51.682187,On or near Stepney Place,W01000703,Carmarthenshire 022A,Anti-social behaviour,,
,2024-04,Dyfed-Powys Police,Dyfed-Powys Police,-4.146058,51.687921,On or near Penygaer Road,W01000705,Carmarthenshire 022C,Anti-social behaviour,,
,2024-04,Dyfed-Powys Police,Dyfed-Powys Police,-4.161786,51.680960,On or near Cowell Street,W01000654,Carmarthenshire 023B,Anti-social behaviour,,
,2024-04,Dyfed-Powys Police,Dyfed-Powys Police,-4.165354,51.680970,On or near Police Station,W01000654,Carmarthenshire 023B,Anti-social behaviour,,
,2024-04,Dyfed-Powys Police,Dyfed-Powys Police,-4.165141,51.681231,On or near Waunlanyrafon,W01000654,Carmarthenshire 023B,Anti-social behaviour,,
,2024-04,Dyfed-Powys Police,Dyfed-Powys Police,-4.162709,51.680593,On or near John Street,W01000654,Carmarthenshire 023B,Anti-social behaviour,,
,2024-04,Dyfed-Powys Police,Dyfed-Powys Police,-4.165354,51.680970,On or near Police Station,W01000654,Carmarthenshire 023B,Anti-social behaviour,,
,2024-04,Dyfed-Powys Police,Dyfed-Powys Police,-4.161979,51.682288,On or near Frederick Street,W01000654,Carmarthenshire 023B,Anti-social behaviour,,
,2024-04,Dyfed-Powys Police,Dyfed-Powys Police,-4.165841,51.683170,On or near Coleshill Terrace,W01000654,Carmarthenshire 023B,Anti-social behaviour,,
,2024-04,Dyfed-Powys Police,Dyfed-Powys Police,-4.164925,51.679437,On or near Annesley Street,W01000654,Carmarthenshire 023B,Anti-social behaviour,,
,2024-04,Dyfed-Powys Police,Dyfed-Powys Police,-4.161979,51.682288,On or near Frederick Street,W01000654,Carmarthenshire 023B,Anti-social behaviour,,
,2024-04,Dyfed-Powys Police,Dyfed-Powys Police,-4.175597,51.686604,On or near Stryd Bennett,W01000667,Carmarthenshire 023C,Anti-social behaviour,,
,2024-04,Dyfed-Powys Police,Dyfed-Powys Police,-4.175644,51.682764,On or near Swan Walk,W01001925,Carmarthenshire 023F,Anti-social behaviour,,
,2024-04,Dyfed-Powys Police,Dyfed-Powys Police,-4.175644,51.682764,On or near Swan Walk,W01001925,Carmarthenshire 023F,Anti-social behaviour,,
,2024-04,Dyfed-Powys Police,Dyfed-Powys Police,-4.175644,51.682764,On or near Swan Walk,W01001925,Carmarthenshire 023F,Anti-social behaviour,,
,2024-04,Dyfed-Powys Police,Dyfed-Powys Police,-4.142110,51.674478,On or near B4304,W01000628,Carmarthenshire 024A,Anti-social behaviour,,
,2024-04,Dyfed-Powys Police,Dyfed-Powys Police,-4.154873,51.683129,On or near College Square,W01000629,Carmarthenshire 024B,Anti-social behaviour,,
,2024-04,Dyfed-Powys Police,Dyfed-Powys Police,-4.156046,51.681641,On or near Cwrt Y Wern,W01000629,Carmarthenshire 024B,Anti-social behaviour,,
,2024-04,Dyfed-Powys Police,Dyfed-Powys Police,-4.150125,51.677568,On or near Queen Mary'S Walk,W01000630,Carmarthenshire 024C,Anti-social behaviour,,
,2024-04,Dyfed-Powys Police,Dyfed-Powys Police,-4.150125,51.677568,On or near Queen Mary'S Walk,W01000630,Carmarthenshire 024C,Anti-social behaviour,,
,2024-04,Dyfed-Powys Police,Dyfed-Powys Police,-4.149930,51.676205,On or near Firth Road,W01000631,Carmarthenshire 024D,Anti-social behaviour,,
,2024-04,Dyfed-Powys Police,Dyfed-Powys Police,-4.146369,51.677053,On or near Brychan,W01000631,Carmarthenshire 024D,Anti-social behaviour,,
,2024-04,Dyfed-Powys Police,Dyfed-Powys Police,-4.095440,51.670185,On or near Heol-Y-Bwlch,W01000635,Carmarthenshire 025A,Anti-social behaviour,,
,2024-04,Dyfed-Powys Police,Dyfed-Powys Police,-4.115971,51.679682,On or near Bryn Isaf,W01000635,Carmarthenshire 025A,Anti-social behaviour,,
,2024-04,Dyfed-Powys Police,Dyfed-Powys Police,-4.116081,51.681424,On or near Trallwm Road,W01000636,Carmarthenshire 025B,Anti-social behaviour,,
,2024-04,Dyfed-Powys Police,Dyfed-Powys Police,-4.113291,51.683642,On or near Dylan,W01000636,Carmarthenshire 025B,Anti-social behaviour,,
592491e0a86ea2d1c881442661c568e659b31314f7a5db1472e6a4fdc55adc4b,2024-04,Dyfed-Powys Police,Dyfed-Powys Police,-4.117365,51.682588,On or near Llys Caradog,W01000707,Carmarthenshire 025D,Violence and sexual offences,Unable to prosecute suspect,
,2024-04,Dyfed-Powys Police,Dyfed-Powys Police,-4.125056,51.681559,On or near Clos Cefn-Y-Maes,W01000708,Carmarthenshire 025E,Anti-social behaviour,,
,2024-04,Dyfed-Powys Police,Dyfed-Powys Police,-4.120096,51.679418,On or near Llwynhendy Road,W01000708,Carmarthenshire 025E,Anti-social behaviour,,
,2024-04,Dyfed-Powys Police,Dyfed-Powys Police,-4.155589,51.671704,On or near Florence Street,W01000659,Carmarthenshire 026A,Anti-social behaviour,,
,2024-04,Dyfed-Powys Police,Dyfed-Powys Police,-4.164975,51.676855,On or near Ralph Terrace,W01000732,Carmarthenshire 026D,Anti-social behaviour,,
,2024-04,Dyfed-Powys Police,Dyfed-Powys Police,-4.162011,51.676280,On or near Maes Y Gors,W01000733,Carmarthenshire 026E,Anti-social behaviour,,
,2024-04,Dyfed-Powys Police,Dyfed-Powys Police,-4.160054,51.676487,On or near Clos Sant Paul,W01000733,Carmarthenshire 026E,Anti-social behaviour,,
,2024-04,Dyfed-Powys Police,Dyfed-Powys Police,-4.157433,51.679152,On or near Columbia Row,W01000733,Carmarthenshire 026E,Anti-social behaviour,,
,2024-04,Dyfed-Powys Police,Dyfed-Powys Police,-4.160798,51.679342,On or near Ralph Street,W01000733,Carmarthenshire 026E,Anti-social behaviour,,
,2024-04,Dyfed-Powys Police,Dyfed-Powys Police,-4.160735,51.677724,On or near Cwrt Neville,W01000733,Carmarthenshire 026E,Anti-social behaviour,,
50e58d57bfb85567325881a18e8e2944353c6416f02985dfe46f7fa9da872631,2024-04,Dyfed-Powys Police,Dyfed-Powys Police,-4.156148,51.675551,On or near Christopher Street,W01000734,Carmarthenshire 026F,Violence and sexual offences,Unable to prosecute suspect,
7063671a489ddbd1e00233190c56b791772946929850fbc3c5c9a5f430e27c95,2024-04,Dyfed-Powys Police,Dyfed-Powys Police,-4.141334,51.666920,On or near Ffordd Y Meillion,W01001923,Carmarthenshire 026G,Violence and sexual offences,Investigation complete; no suspect identified,
,2024-04,Dyfed-Powys Police,Dyfed-Powys Police,-4.173955,51.673173,On or near Parking Area,W01001923,Carmarthenshire 026G,Anti-social behaviour,,
,2024-04,Dyfed-Powys Police,Dyfed-Powys Police,-4.173955,51.673173,On or near Parking Area,W01001923,Carmarthenshire 026G,Anti-social behaviour,,
d6f80b601c2af0e021fde9b03e8a77e10d7df3623896342a2e2edf5ed0066172,2024-04,Dyfed-Powys Police,Dyfed-Powys Police,-4.152378,51.669272,On or near Clos Dewi Medi,W01001924,Carmarthenshire 026H,Criminal damage and arson,Investigation complete; no suspect identified,
,2024-04,Dyfed-Powys Police,Dyfed-Powys Police,-4.149185,51.667505,On or near Parking Area,W01001924,Carmarthenshire 026H,Anti-social behaviour,,
,2024-04,Dyfed-Powys Police,Dyfed-Powys Police,-4.149185,51.667505,On or near Parking Area,W01001924,Carmarthenshire 026H,Anti-social behaviour,,
,2024-04,Dyfed-Powys Police,Dyfed-Powys Police,-4.148918,51.668274,On or near Cornish Place,W01001924,Carmarthenshire 026H,Anti-social behaviour,,
,2024-04,Dyfed-Powys Police,Dyfed-Powys Police,-4.491107,51.825643,On or near Clos Griffith Jones,W01000720,Carmarthenshire 027B,Anti-social behaviour,,
,2024-04,Dyfed-Powys Police,Dyfed-Powys Police,-4.562019,51.745870,On or near Ocean View,W01000672,Carmarthenshire 027E,Anti-social behaviour,,
,2024-04,Dyfed-Powys Police,Dyfed-Powys Police,-4.076101,52.415638,On or near Cambrian Square,W01000512,Ceredigion 002A,Anti-social behaviour,,
,2024-04,Dyfed-Powys Police,Dyfed-Powys Police,-4.085414,52.415114,On or near Eastgate,W01000513,Ceredigion 002B,Anti-social behaviour,,
,2024-04,Dyfed-Powys Police,Dyfed-Powys Police,-4.080984,52.415030,On or near Stryd Y Bragdy,W01000513,Ceredigion 002B,Anti-social behaviour,,
,2024-04,Dyfed-Powys Police,Dyfed-Powys Police,-4.085516,52.412918,On or near Heol-Y-Bont,W01000513,Ceredigion 002B,Anti-social behaviour,,
,2024-04,Dyfed-Powys Police,Dyfed-Powys Police,-4.083912,52.415383,On or near Stryd-Y-Popty,W01000513,Ceredigion 002B,Anti-social behaviour,,
,2024-04,Dyfed-Powys Police,Dyfed-Powys Police,-4.080984,52.415030,On or near Stryd Y Bragdy,W01000513,Ceredigion 002B,Anti-social behaviour,,
,2024-04,Dyfed-Powys Police,Dyfed-Powys Police,-4.087519,52.412362,On or near Tan Y Cae,W01000517,Ceredigion 002D,Anti-social behaviour,,
,2024-04,Dyfed-Powys Police,Dyfed-Powys Police,-4.087519,52.412362,On or near Tan Y Cae,W01000517,Ceredigion 002D,Anti-social behaviour,,
,2024-04,Dyfed-Powys Police,Dyfed-Powys Police,-4.087674,52.412835,On or near Ffordd Pen Maes Glas,W01000517,Ceredigion 002D,Anti-social behaviour,,
,2024-04,Dyfed-Powys Police,Dyfed-Powys Police,-4.087519,52.412362,On or near Tan Y Cae,W01000517,Ceredigion 002D,Anti-social behaviour,,
,2024-04,Dyfed-Powys Police,Dyfed-Powys Police,-4.087519,52.412362,On or near Tan Y Cae,W01000517,Ceredigion 002D,Anti-social behaviour,,
,2024-04,Dyfed-Powys Police,Dyfed-Powys Police,-4.087519,52.412362,On or near Tan Y Cae,W01000517,Ceredigion 002D,Anti-social behaviour,,
,2024-04,Dyfed-Powys Police,Dyfed-Powys Police,-4.087519,52.412362,On or near Tan Y Cae,W01000517,Ceredigion 002D,Anti-social behaviour,,
,2024-04,Dyfed-Powys Police,Dyfed-Powys Police,-4.083648,52.418814,On or near Morfa Mawr,W01002001,Ceredigion 002H,Anti-social behaviour,,
,2024-04,Dyfed-Powys Police,Dyfed-Powys Police,-4.083600,52.420919,On or near Parc Graig Glas,W01002001,Ceredigion 002H,Anti-social behaviour,,
,2024-04,Dyfed-Powys Police,Dyfed-Powys Police,-4.064340,52.399326,On or near Garth Dinas,W01000516,Ceredigion 003B,Anti-social behaviour,,
,2024-04,Dyfed-Powys Police,Dyfed-Powys Police,-4.082849,52.412922,On or near Shopping Area,W01000518,Ceredigion 003C,Anti-social behaviour,,
,2024-04,Dyfed-Powys Police,Dyfed-Powys Police,-4.262676,52.244450,On or near Parking Area,W01000506,Ceredigion 005A,Anti-social behaviour,,
,2024-04,Dyfed-Powys Police,Dyfed-Powys Police,-4.254845,52.242855,On or near Bryn-Y-Mor,W01000506,Ceredigion 005A,Anti-social behaviour,,
,2024-04,Dyfed-Powys Police,Dyfed-Powys Police,-4.258393,52.243480,On or near Regent Street,W01000506,Ceredigion 005A,Anti-social behaviour,,
,2024-04,Dyfed-Powys Police,Dyfed-Powys Police,-4.258059,52.243261,On or near Masons Road,W01000506,Ceredigion 005A,Anti-social behaviour,,
,2024-04,Dyfed-Powys Police,Dyfed-Powys Police,-4.254845,52.242855,On or near Bryn-Y-Mor,W01000506,Ceredigion 005A,Anti-social behaviour,,
,2024-04,Dyfed-Powys Police,Dyfed-Powys Police,-4.271497,52.226440,On or near Maes Iwan,W01000524,Ceredigion 005B,Anti-social behaviour,,
,2024-04,Dyfed-Powys Police,Dyfed-Powys Police,-4.176681,52.282907,On or near Erw Non,W01000540,Ceredigion 005E,Anti-social behaviour,,
39bc2a0145d2d61be707dae7fd1beeb633df0850514ee57e035ac226ab394987,2024-04,Dyfed-Powys Police,Dyfed-Powys Police,-4.360177,52.211840,On or near Sgwar Ucheldir,W01002002,Ceredigion 007E,Violence and sexual offences,Court result unavailable,
,2024-04,Dyfed-Powys Police,Dyfed-Powys Police,-4.360478,52.205368,On or near Penrhiw Pistyll Lane,W01002002,Ceredigion 007E,Anti-social behaviour,,
,2024-04,Dyfed-Powys Police,Dyfed-Powys Police,-4.080466,52.112961,On or near High Street,W01000527,Ceredigion 008A,Anti-social behaviour,,
,2024-04,Dyfed-Powys Police,Dyfed-Powys Police,-4.080466,52.112961,On or near High Street,W01000527,Ceredigion 008A,Anti-social behaviour,,
,2024-04,Dyfed-Powys Police,Dyfed-Powys Police,-4.077454,52.114138,On or near College Street,W01000527,Ceredigion 008A,Anti-social behaviour,,
,2024-04,Dyfed-Powys Police,Dyfed-Powys Police,-4.077839,52.113922,On or near Shopping Area,W01000527,Ceredigion 008A,Anti-social behaviour,,
,2024-04,Dyfed-Powys Police,Dyfed-Powys Police,-4.106408,52.104854,On or near Parking Area,W01000528,Ceredigion 008B,Anti-social behaviour,,
,2024-04,Dyfed-Powys Police,Dyfed-Powys Police,-4.152651,52.178306,On or near Sports/Recreation Area,W01000535,Ceredigion 008C,Anti-social behaviour,,
,2024-04,Dyfed-Powys Police,Dyfed-Powys Police,-4.546802,52.134506,On or near Parking Area,W01000508,Ceredigion 009B,Anti-social behaviour,,
,2024-04,Dyfed-Powys Police,Dyfed-Powys Police,-4.660210,52.084581,On or near Pendre,W01000510,Ceredigion 009D,Anti-social behaviour,,
,2024-04,Dyfed-Powys Police,Dyfed-Powys Police,-4.659683,52.083810,On or near Williams Row,W01000510,Ceredigion 009D,Anti-social behaviour,,
,2024-04,Dyfed-Powys Police,Dyfed-Powys Police,-4.659381,52.084141,On or near William Street,W01000510,Ceredigion 009D,Anti-social behaviour,,
,2024-04,Dyfed-Powys Police,Dyfed-Powys Police,-4.481785,52.077414,On or near Brogorwel,W01000519,Ceredigion 010A,Anti-social behaviour,,
,2024-04,Dyfed-Powys Police,Dyfed-Powys Police,-4.381684,52.051163,On or near Heol Y Merwydd,W01000531,Ceredigion 010C,Anti-social behaviour,,
,2024-04,Dyfed-Powys Police,Dyfed-Powys Police,-4.313450,52.044906,On or near The Beeches,W01000533,Ceredigion 010D,Anti-social behaviour,,
,2024-04,Dyfed-Powys Police,Dyfed-Powys Police,-4.059999,52.416576,On or near Cefnllan,W01000525,Ceredigion 011A,Anti-social behaviour,,
,2024-04,Dyfed-Powys Police,Dyfed-Powys Police,-3.991059,52.212320,On or near Petrol Station,W01000536,Ceredigion 011E,Anti-social behaviour,,
,2024-04,Dyfed-Powys Police,Dyfed-Powys Police,-4.749604,52.001194,On or near Rhiw Felen,W01000560,Pembrokeshire 001C,Anti-social behaviour,,
,2024-04,Dyfed-Powys Police,Dyfed-Powys Police,-4.601174,51.943881,On or near Parking Area,W01000561,Pembrokeshire 001D,Anti-social behaviour,,
,2024-04,Dyfed-Powys Police,Dyfed-Powys Police,-4.639355,51.978329,On or near Shopping Area,W01000561,Pembrokeshire 001D,Anti-social behaviour,,
9c7f17eb3fcaece3ca4f2db00c01e2139c2fb6145aa3a5f056fae587bbc30b4b,2024-04,Dyfed-Powys Police,Dyfed-Powys Police,-4.983910,51.990567,On or near Parc Loktudi,W01000566,Pembrokeshire 002C,Burglary,Action to be taken by another organisation,
,2024-04,Dyfed-Powys Police,Dyfed-Powys Police,-4.979393,51.994495,On or near Coronation Road,W01000566,Pembrokeshire 002C,Anti-social behaviour,,
f525bfb0b98c33b3543ffd00c41f2cdaad7ee34a1e2b6f85c1b5c05d3e8ce058,2024-04,Dyfed-Powys Police,Dyfed-Powys Police,-4.995829,52.002154,On or near Wern Road,W01000567,Pembrokeshire 002D,Violence and sexual offences,Local resolution,
,2024-04,Dyfed-Powys Police,Dyfed-Powys Police,-4.997483,52.003137,On or near Main Street,W01000567,Pembrokeshire 002D,Anti-social behaviour,,
,2024-04,Dyfed-Powys Police,Dyfed-Powys Police,-5.000545,52.002294,On or near Glanymor Road,W01000567,Pembrokeshire 002D,Anti-social behaviour,,
,2024-04,Dyfed-Powys Police,Dyfed-Powys Police,-5.146809,51.949430,On or near Heol Crwys,W01000581,Pembrokeshire 003B,Anti-social behaviour,,
,2024-04,Dyfed-Powys Police,Dyfed-Powys Police,-4.943956,51.824884,On or near Howard'S Crescent,W01000611,Pembrokeshire 004C,Anti-social behaviour,,
,2024-04,Dyfed-Powys Police,Dyfed-Powys Police,-4.959687,51.816674,On or near Castleton Grove,W01000611,Pembrokeshire 004C,Anti-social behaviour,,
,2024-04,Dyfed-Powys Police,Dyfed-Powys Police,-4.959687,51.816674,On or near Castleton Grove,W01000611,Pembrokeshire 004C,Anti-social behaviour,,
,2024-04,Dyfed-Powys Police,Dyfed-Powys Police,-4.968042,51.806722,On or near Shopping Area,W01000572,Pembrokeshire 005D,Anti-social behaviour,,
,2024-04,Dyfed-Powys Police,Dyfed-Powys Police,-4.969055,51.806859,On or near Supermarket,W01000572,Pembrokeshire 005D,Anti-social behaviour,,
,2024-04,Dyfed-Powys Police,Dyfed-Powys Police,-4.965247,51.812720,On or near Hospital,W01000572,Pembrokeshire 005D,Anti-social behaviour,,
,2024-04,Dyfed-Powys Police,Dyfed-Powys Police,-4.968634,51.798694,On or near Princess Royal Way,W01002009,Pembrokeshire 005E,Anti-social behaviour,,
,2024-04,Dyfed-Powys Police,Dyfed-Powys Police,-4.969596,51.803841,On or near Swansquare,W01002009,Pembrokeshire 005E,Anti-social behaviour,,
,2024-04,Dyfed-Powys Police,Dyfed-Powys Police,-4.971161,51.802489,On or near Castle Street,W01002010,Pembrokeshire 005F,Anti-social behaviour,,
,2024-04,Dyfed-Powys Police,Dyfed-Powys Police,-4.981467,51.799071,On or near Cromie Avenue,W01000571,Pembrokeshire 006A,Anti-social behaviour,,
,2024-04,Dyfed-Powys Police,Dyfed-Powys Police,-4.976445,51.797040,On or near Milford Road,W01000573,Pembrokeshire 006B,Anti-social behaviour,,
,2024-04,Dyfed-Powys Police,Dyfed-Powys Police,-4.989091,51.794146,On or near Glenover Park,W01000573,Pembrokeshire 006B,Anti-social behaviour,,
,2024-04,Dyfed-Powys Police,Dyfed-Powys Police,-4.742826,51.796736,On or near Castle Street,W01000595,Pembrokeshire 007C,Anti-social behaviour,,
,2024-04,Dyfed-Powys Police,Dyfed-Powys Police,-4.728136,51.797987,On or near Maes Yr Orsaf,W01000596,Pembrokeshire 007D,Anti-social behaviour,,
,2024-04,Dyfed-Powys Police,Dyfed-Powys Police,-4.994689,51.759129,On or near Petrol Station,W01000575,Pembrokeshire 008C,Anti-social behaviour,,
,2024-04,Dyfed-Powys Police,Dyfed-Powys Police,-5.086292,51.726074,On or near St Margaret'S Way,W01000614,Pembrokeshire 008D,Anti-social behaviour,,
,2024-04,Dyfed-Powys Police,Dyfed-Powys Police,-4.952995,51.706766,On or near Promenade Close,W01000598,Pembrokeshire 009C,Anti-social behaviour,,
,2024-04,Dyfed-Powys Police,Dyfed-Powys Police,-5.016580,51.713361,On or near Castle Hall Drive,W01000588,Pembrokeshire 010B,Anti-social behaviour,,
,2024-04,Dyfed-Powys Police,Dyfed-Powys Police,-5.021966,51.723341,On or near Steynton Road,W01002011,Pembrokeshire 010D,Anti-social behaviour,,
,2024-04,Dyfed-Powys Police,Dyfed-Powys Police,-4.699267,51.711687,On or near High Street,W01002013,Pembrokeshire 011G,Anti-social behaviour,,
,2024-04,Dyfed-Powys Police,Dyfed-Powys Police,-4.713100,51.714957,On or near The Fan Road,W01002013,Pembrokeshire 011G,Anti-social behaviour,,
,2024-04,Dyfed-Powys Police,Dyfed-Powys Police,-5.055276,51.715005,On or near Supermarket,W01000591,Pembrokeshire 012C,Anti-social behaviour,,
c713fcaa3f2deb879e0bb96bb65a9c2f16a9532183b49f1ac1839e605ecd4cf8,2024-04,Dyfed-Powys Police,Dyfed-Powys Police,-5.059461,51.717369,On or near Turnberry Close,W01000591,Pembrokeshire 012C,Violence and sexual offences,Status update unavailable,
,2024-04,Dyfed-Powys Police,Dyfed-Powys Police,-5.038420,51.713895,On or near Dartmouth Street,W01000594,Pembrokeshire 012E,Anti-social behaviour,,
,2024-04,Dyfed-Powys Police,Dyfed-Powys Police,-4.941226,51.693382,On or near Lewis Street,W01000600,Pembrokeshire 013A,Anti-social behaviour,,
,2024-04,Dyfed-Powys Police,Dyfed-Powys Police,-4.938361,51.696512,On or near Tremeyrick Street,W01000602,Pembrokeshire 013C,Anti-social behaviour,,
,2024-04,Dyfed-Powys Police,Dyfed-Powys Police,-4.939484,51.694865,On or near Water Street,W01000602,Pembrokeshire 013C,Anti-social behaviour,,
,2024-04,Dyfed-Powys Police,Dyfed-Powys Police,-4.938091,51.693685,On or near Parking Area,W01000602,Pembrokeshire 013C,Anti-social behaviour,,
,2024-04,Dyfed-Powys Police,Dyfed-Powys Police,-4.944745,51.692089,On or near Park Street,W01000603,Pembrokeshire 013D,Anti-social behaviour,,
,2024-04,Dyfed-Powys Police,Dyfed-Powys Police,-4.947701,51.682121,On or near Castle Street,W01000604,Pembrokeshire 013E,Anti-social behaviour,,
,2024-04,Dyfed-Powys Police,Dyfed-Powys Police,-4.947737,51.682012,On or near Bentlass Terrace,W01000604,Pembrokeshire 013E,Anti-social behaviour,,
,2024-04,Dyfed-Powys Police,Dyfed-Powys Police,-4.947921,51.683735,On or near Cheriton Road,W01000604,Pembrokeshire 013E,Anti-social behaviour,,
,2024-04,Dyfed-Powys Police,Dyfed-Powys Police,-4.947737,51.682012,On or near Bentlass Terrace,W01000604,Pembrokeshire 013E,Anti-social behaviour,,
237fb8499b415dabf7fab9268a230acd07917991193ac8d2fa8de3de6abf074c,2024-04,Dyfed-Powys Police,Dyfed-Powys Police,-4.777384,51.702922,On or near Cromwell Drive,W01000557,Pembrokeshire 014A,Possession of weapons,Formal action is not in the public interest,
,2024-04,Dyfed-Powys Police,Dyfed-Powys Police,-4.781454,51.645878,On or near Dewing Avenue,W01000584,Pembrokeshire 014C,Anti-social behaviour,,
,2024-04,Dyfed-Powys Police,Dyfed-Powys Police,-4.932997,51.673783,On or near Gwilliam Court,W01000606,Pembrokeshire 015B,Anti-social behaviour,,
,2024-04,Dyfed-Powys Police,Dyfed-Powys Police,-4.913327,51.680587,On or near Golden Hill Road,W01000607,Pembrokeshire 015C,Anti-social behaviour,,
,2024-04,Dyfed-Powys Police,Dyfed-Powys Police,-4.919696,51.684017,On or near Gatehouse View,W01000607,Pembrokeshire 015C,Anti-social behaviour,,
,2024-04,Dyfed-Powys Police,Dyfed-Powys Police,-4.918640,51.677946,On or near Tudor Mews,W01000607,Pembrokeshire 015C,Anti-social behaviour,,
,2024-04,Dyfed-Powys Police,Dyfed-Powys Police,-4.916657,51.675225,On or near Parking Area,W01000608,Pembrokeshire 015D,Anti-social behaviour,,
,2024-04,Dyfed-Powys Police,Dyfed-Powys Police,-4.917678,51.673329,On or near Williamson Street,W01000608,Pembrokeshire 015D,Anti-social behaviour,,
,2024-04,Dyfed-Powys Police,Dyfed-Powys Police,-4.704310,51.676596,On or near Merlins Gardens,W01000619,Pembrokeshire 016B,Anti-social behaviour,,
,2024-04,Dyfed-Powys Police,Dyfed-Powys Police,-4.702484,51.677267,On or near Gas Lane,W01000619,Pembrokeshire 016B,Anti-social behaviour,,
,2024-04,Dyfed-Powys Police,Dyfed-Powys Police,-4.706441,51.671825,On or near Station Road,W01002014,Pembrokeshire 016E,Anti-social behaviour,,
,2024-04,Dyfed-Powys Police,Dyfed-Powys Police,-4.718769,51.673096,On or near Knowling Mead,W01002014,Pembrokeshire 016E,Anti-social behaviour,,
,2024-04,Dyfed-Powys Police,Dyfed-Powys Police,-4.706441,51.671825,On or near Station Road,W01002014,Pembrokeshire 016E,Anti-social behaviour,,
,2024-04,Dyfed-Powys Police,Dyfed-Powys Police,-4.700222,51.672076,On or near Bank Lane,W01002014,Pembrokeshire 016E,Anti-social behaviour,,
,2024-04,Dyfed-Powys Police,Dyfed-Powys Police,-4.701259,51.671521,On or near South Parade,W01002014,Pembrokeshire 016E,Anti-social behaviour,,
,2024-04,Dyfed-Powys Police,Dyfed-Powys Police,-4.698713,51.670051,On or near Paragon,W01002014,Pembrokeshire 016E,Anti-social behaviour,,
,2024-04,Dyfed-Powys Police,Dyfed-Powys Police,-3.187198,52.719437,On or near Park/Open Space,W01000475,Powys 001E,Anti-social behaviour,,
,2024-04,Dyfed-Powys Police,Dyfed-Powys Police,-3.090291,52.779433,On or near Tan-Y-Foel Drive,W01000458,Powys 002C,Anti-social behaviour,,
,2024-04,Dyfed-Powys Police,Dyfed-Powys Police,-3.147658,52.659009,On or near Berriew Street,W01000498,Powys 003A,Anti-social behaviour,,
,2024-04,Dyfed-Powys Police,Dyfed-Powys Police,-3.147658,52.659009,On or near Berriew Street,W01000498,Powys 003A,Anti-social behaviour,,
,2024-04,Dyfed-Powys Police,Dyfed-Powys Police,-3.147658,52.659009,On or near Berriew Street,W01000498,Powys 003A,Anti-social behaviour,,
cb6c7122a81e960065c1c944187ffa51563eacbd528cf3f14e9d2f95301da914,2024-04,Dyfed-Powys Police,Dyfed-Powys Police,-3.135098,52.662699,On or near Little Henfaes Drive,W01000499,Powys 003B,Violence and sexual offences,Court result unavailable,
,2024-04,Dyfed-Powys Police,Dyfed-Powys Police,-3.151603,52.661155,On or near Bowling Green Lane,W01000501,Powys 003D,Anti-social behaviour,,
,2024-04,Dyfed-Powys Police,Dyfed-Powys Police,-3.854045,52.589667,On or near Bank Street,W01000473,Powys 004C,Anti-social behaviour,,
,2024-04,Dyfed-Powys Police,Dyfed-Powys Police,-3.228070,52.561370,On or near Parking Area,W01000439,Powys 007B,Anti-social behaviour,,
6195d5cb8426e5983cff5069152db1f108905dcb40e0290909b7c91da2d26d67,2024-04,Dyfed-Powys Police,Dyfed-Powys Police,-3.316826,52.516641,On or near Nightclub,W01000480,Powys 008A,Violence and sexual offences,Local resolution,
,2024-04,Dyfed-Powys Police,Dyfed-Powys Police,-3.310345,52.513780,On or near Stone Street,W01000480,Powys 008A,Anti-social behaviour,,
,2024-04,Dyfed-Powys Police,Dyfed-Powys Police,-3.316837,52.501733,On or near Middle Dolfor Road,W01000480,Powys 008A,Anti-social behaviour,,
,2024-04,Dyfed-Powys Police,Dyfed-Powys Police,-3.310345,52.513780,On or near Stone Street,W01000480,Powys 008A,Anti-social behaviour,,
,2024-04,Dyfed-Powys Police,Dyfed-Powys Police,-3.310345,52.513780,On or near Stone Street,W01000480,Powys 008A,Anti-social behaviour,,
,2024-04,Dyfed-Powys Police,Dyfed-Powys Police,-3.310345,52.513780,On or near Stone Street,W01000480,Powys 008A,Anti-social behaviour,,
,2024-04,Dyfed-Powys Police,Dyfed-Powys Police,-3.310345,52.513780,On or near Stone Street,W01000480,Powys 008A,Anti-social behaviour,,
,2024-04,Dyfed-Powys Police,Dyfed-Powys Police,-3.299876,52.536552,On or near Upper Gwestydd Lane,W01000481,Powys 008B,Anti-social behaviour,,
,2024-04,Dyfed-Powys Police,Dyfed-Powys Police,-3.340782,52.507703,On or near Heol Pengwern,W01000478,Powys 009A,Anti-social behaviour,,
,2024-04,Dyfed-Powys Police,Dyfed-Powys Police,-3.342753,52.506620,On or near Herons Way,W01000478,Powys 009A,Anti-social behaviour,,
,2024-04,Dyfed-Powys Police,Dyfed-Powys Police,-3.340782,52.507703,On or near Heol Pengwern,W01000478,Powys 009A,Anti-social behaviour,,
,2024-04,Dyfed-Powys Police,Dyfed-Powys Police,-3.338174,52.507697,On or near Heol Vaynor,W01000478,Powys 009A,Anti-social behaviour,,
,2024-04,Dyfed-Powys Police,Dyfed-Powys Police,-3.318767,52.506162,On or near B4800,W01000483,Powys 009C,Anti-social behaviour,,
,2024-04,Dyfed-Powys Police,Dyfed-Powys Police,-3.329905,52.505650,On or near Ffordd Yr Ehedydd,W01000483,Powys 009C,Anti-social behaviour,,
,2024-04,Dyfed-Powys Police,Dyfed-Powys Police,-3.318767,52.506162,On or near B4800,W01000483,Powys 009C,Anti-social behaviour,,
,2024-04,Dyfed-Powys Police,Dyfed-Powys Police,-3.541174,52.447092,On or near Smithfield Street,W01000466,Powys 010C,Anti-social behaviour,,
,2024-04,Dyfed-Powys Police,Dyfed-Powys Police,-3.049204,52.344074,On or near Broad Street,W01000449,Powys 011C,Anti-social behaviour,,
,2024-04,Dyfed-Powys Police,Dyfed-Powys Police,-3.413742,52.366473,On or near Llwybr Y Gath,W01000477,Powys 012D,Anti-social behaviour,,
,2024-04,Dyfed-Powys Police,Dyfed-Powys Police,-3.379066,52.244349,On or near Supermarket,W01000454,Powys 013A,Anti-social behaviour,,
,2024-04,Dyfed-Powys Police,Dyfed-Powys Police,-3.378190,52.242491,On or near Supermarket,W01000454,Powys 013A,Anti-social behaviour,,
,2024-04,Dyfed-Powys Police,Dyfed-Powys Police,-3.378032,52.239764,On or near Lindens Walk,W01000454,Powys 013A,Anti-social behaviour,,
,2024-04,Dyfed-Powys Police,Dyfed-Powys Police,-3.378032,52.239764,On or near Lindens Walk,W01000454,Powys 013A,Anti-social behaviour,,
,2024-04,Dyfed-Powys Police,Dyfed-Powys Police,-3.378032,52.239764,On or near Lindens Walk,W01000454,Powys 013A,Anti-social behaviour,,
,2024-04,Dyfed-Powys Police,Dyfed-Powys Police,-3.383448,52.248619,On or near Holcombe Drive,W01000455,Powys 013B,Anti-social behaviour,,
,2024-04,Dyfed-Powys Police,Dyfed-Powys Police,-3.375191,52.245434,On or near Trefonen Avenue,W01000455,Powys 013B,Anti-social behaviour,,
a85702714c7b92a57e58fdb94a7566092a9d718c744de2a7c2af7a3aabaaee3e,2024-04,Dyfed-Powys Police,Dyfed-Powys Police,-3.379360,52.236313,On or near Temple Avenue,W01000456,Powys 013C,Public order,Court result unavailable,
,2024-04,Dyfed-Powys Police,Dyfed-Powys Police,-3.381990,52.231868,On or near Ridgebourne Drive,W01000456,Powys 013C,Anti-social behaviour,,
,2024-04,Dyfed-Powys Police,Dyfed-Powys Police,-3.381990,52.231868,On or near Ridgebourne Drive,W01000456,Powys 013C,Anti-social behaviour,,
,2024-04,Dyfed-Powys Police,Dyfed-Powys Police,-3.381990,52.231868,On or near Ridgebourne Drive,W01000456,Powys 013C,Anti-social behaviour,,
,2024-04,Dyfed-Powys Police,Dyfed-Powys Police,-3.402367,52.148955,On or near High Street,W01000431,Powys 014A,Anti-social behaviour,,
,2024-04,Dyfed-Powys Police,Dyfed-Powys Police,-3.400606,52.148265,On or near Tarrant Close,W01000431,Powys 014A,Anti-social behaviour,,
,2024-04,Dyfed-Powys Police,Dyfed-Powys Police,-3.402367,52.148955,On or near High Street,W01000431,Powys 014A,Anti-social behaviour,,
2ae19bf7f701e446f3611eab2b305e4bbac361a847782ebb79a57245d106356c,2024-04,Dyfed-Powys Police,Dyfed-Powys Police,-3.401880,52.139952,On or near Brecon Road,W01000432,Powys 014B,Possession of weapons,Local resolution,
,2024-04,Dyfed-Powys Police,Dyfed-Powys Police,-3.403104,52.150061,On or near Parking Area,W01000432,Powys 014B,Anti-social behaviour,,
,2024-04,Dyfed-Powys Police,Dyfed-Powys Police,-3.290138,52.185993,On or near Parking Area,W01000459,Powys 014D,Anti-social behaviour,,
,2024-04,Dyfed-Powys Police,Dyfed-Powys Police,-3.639389,52.107037,On or near Victoria Square,W01000471,Powys 014E,Anti-social behaviour,,
,2024-04,Dyfed-Powys Police,Dyfed-Powys Police,-3.219656,52.108783,On or near Gwyns Ploc,W01000443,Powys 015B,Anti-social behaviour,,
,2024-04,Dyfed-Powys Police,Dyfed-Powys Police,-3.267272,52.039669,On or near Cwrt Y Gaer,W01000443,Powys 015B,Anti-social behaviour,,
,2024-04,Dyfed-Powys Police,Dyfed-Powys Police,-3.129004,52.072292,On or near Church Street,W01000446,Powys 015D,Anti-social behaviour,,
,2024-04,Dyfed-Powys Police,Dyfed-Powys Police,-3.225420,51.991767,On or near Sports/Recreation Area,W01000494,Powys 015E,Anti-social behaviour,,
6d47038795a5f58252626911e2778dcfe26c8cf32a0a5458d6878d75aed7dbaa,2024-04,Dyfed-Powys Police,Dyfed-Powys Police,-3.387287,51.946623,On or near Free Street,W01000492,Powys 017D,Public order,Awaiting court outcome,
,2024-04,Dyfed-Powys Police,Dyfed-Powys Police,-3.389002,51.947034,On or near Llys Yr Arad,W01000492,Powys 017D,Anti-social behaviour,,
,2024-04,Dyfed-Powys Police,Dyfed-Powys Police,-3.388594,51.944648,On or near Canal Side,W01000492,Powys 017D,Anti-social behaviour,,
,2024-04,Dyfed-Powys Police,Dyfed-Powys Police,-3.389002,51.947034,On or near Llys Yr Arad,W01000492,Powys 017D,Anti-social behaviour,,
,2024-04,Dyfed-Powys Police,Dyfed-Powys Police,-3.379161,51.944983,On or near Brynglas,W01000493,Powys 017E,Anti-social behaviour,,
761b487aae9748151c1fdb7613b6df4b985cd2b28637e68d3098dd1e23e168c3,2024-04,Dyfed-Powys Police,Dyfed-Powys Police,-3.379161,51.944983,On or near Brynglas,W01000493,Powys 017E,Public order,Status update unavailable,
,2024-04,Dyfed-Powys Police,Dyfed-Powys Police,-3.400858,51.955382,On or near Heol Y Ffynnon,W01001902,Powys 017G,Anti-social behaviour,,
,2024-04,Dyfed-Powys Police,Dyfed-Powys Police,-3.398253,51.950674,On or near Prospect Close,W01001902,Powys 017G,Anti-social behaviour,,
,2024-04,Dyfed-Powys Police,Dyfed-Powys Police,-3.209648,51.817246,On or near Parking Area,W01000465,Powys 018E,Anti-social behaviour,,
,2024-04,Dyfed-Powys Police,Dyfed-Powys Police,-3.209648,51.817246,On or near Parking Area,W01000465,Powys 018E,Anti-social behaviour,,
,2024-04,Dyfed-Powys Police,Dyfed-Powys Police,-3.141245,51.864361,On or near Hillbrook Court,W01001903,Powys 018F,Anti-social behaviour,,
,2024-04,Dyfed-Powys Police,Dyfed-Powys Police,-3.673002,51.836599,On or near Heol Callwen,W01000474,Powys 020B,Anti-social behaviour,,
cffb3f0df70c23fd08d991e28063e388121956d561dfa209237654251fdb2d4f,2024-04,Dyfed-Powys Police,Dyfed-Powys Police,-3.567125,51.947477,On or near Parking Area,W01000474,Powys 020B,Public order,Status update unavailable,
758325098132ba3cc5add80261dedf7133fa840ae77615b3597f076762f8aa33,2024-04,Dyfed-Powys Police,Dyfed-Powys Police,-3.525253,51.950581,On or near Parking Area,W01000503,Powys 020C,Public order,Status update unavailable,
,2024-04,Dyfed-Powys Police,Dyfed-Powys Police,-3.739523,51.791006,On or near Watkins Terrace,W01000426,Powys 021A,Anti-social behaviour,,
,2024-04,Dyfed-Powys Police,Dyfed-Powys Police,-3.772780,51.767715,On or near Petrol Station,W01000502,Powys 021C,Anti-social behaviour,,
,2024-04,Dyfed-Powys Police,Dyfed-Powys Police,-3.757228,51.774971,On or near Llanfaes,W01000502,Powys 021C,Anti-social behaviour,,
,2024-04,Dyfed-Powys Police,Dyfed-Powys Police,-3.772780,51.767715,On or near Petrol Station,W01000502,Powys 021C,Anti-social behaviour,,
,2024-04,Dyfed-Powys Police,Dyfed-Powys Police,-3.772780,51.767715,On or near Petrol Station,W01000502,Powys 021C,Anti-social behaviour,,
,2024-04,Dyfed-Powys Police,Dyfed-Powys Police,-3.757542,51.784543,On or near Plasycoed,W01000505,Powys 021E,Anti-social behaviour,,
7fc58cc4bf1603b3a1d3ff2869fb08d14747ccb3912454b95bced3dd09176f60,2024-04,Dyfed-Powys Police,Dyfed-Powys Police,-3.887385,51.673930,On or near Llys Ael-Y-Bryn,W01001993,Swansea 006E,Violence and sexual offences,Unable to prosecute suspect,
5005b780665c1eb981616d2da5b4985bfa84d137a92d2fce803b537bbd6bc4d6,2024-04,Dyfed-Powys Police,Dyfed-Powys Police,,,No Location,,,Public order,Awaiting court outcome,
14a3809e08a3f81abfd713be25501a010186cd2bdc4efdf036a217336758710b,2024-04,Dyfed-Powys Police,Dyfed-Powys Police,,,No Location,,,Violence and sexual offences,Court result unavailable,
994c608a565e83b78749a3feaa0da9fc5bd2ac39759f88609147b7dc8fb3e044,2024-04,Dyfed-Powys Police,Dyfed-Powys Police,,,No Location,,,Violence and sexual offences,Unable to prosecute suspect,
